{
  "[0, 0, 179, 1, 1]": {
    "0": {
      "count": 998,
      "avg_reward": -1.0
    }
  },
  "[0, 0, 189, 1, 1]": {
    "0": {
      "count": 957,
      "avg_reward": -0.9500000000000154
    }
  },
  "[1, 0, 199, 1, 1]": {
    "1": {
      "count": 957,
      "avg_reward": -0.9125000000000149
    },
    "0": {
      "count": 143,
      "avg_reward": -0.911661188811187
    }
  },
  "[1, 1, 209, 1, 0]": {
    "0": {
      "count": 1100,
      "avg_reward": -0.8667714068181989
    }
  },
  "[1, 1, 219, 1, 0]": {
    "0": {
      "count": 1100,
      "avg_reward": -0.8234328364772628
    }
  },
  "[1, 1, 229, 1, 0]": {
    "0": {
      "count": 1100,
      "avg_reward": -0.782261194653396
    }
  },
  "[1, 1, 239, 1, 0]": {
    "0": {
      "count": 1100,
      "avg_reward": -0.7431481349207403
    }
  },
  "[1, 1, 249, 1, 0]": {
    "0": {
      "count": 1100,
      "avg_reward": -0.7059907281746935
    }
  },
  "[1, 1, 259, 1, 0]": {
    "0": {
      "count": 1100,
      "avg_reward": -0.6706911917659584
    }
  },
  "[1, 1, 269, 1, 0]": {
    "0": {
      "count": 1100,
      "avg_reward": -0.6371566321776796
    }
  },
  "[1, 1, 279, 1, 0]": {
    "0": {
      "count": 1100,
      "avg_reward": -0.6052988005687887
    }
  },
  "[1, 1, 289, 1, 0]": {
    "0": {
      "count": 1100,
      "avg_reward": -0.575033860540345
    }
  },
  "[1, 1, 299, 1, 0]": {
    "0": {
      "count": 1100,
      "avg_reward": -0.5462821675133444
    }
  },
  "[1, 1, 309, 1, 0]": {
    "0": {
      "count": 1100,
      "avg_reward": -0.5189680591376545
    }
  },
  "[1, 1, 319, 1, 0]": {
    "0": {
      "count": 1100,
      "avg_reward": -0.49301965618077104
    }
  },
  "[1, 1, 329, 1, 0]": {
    "0": {
      "count": 1100,
      "avg_reward": -0.4683686733717496
    }
  },
  "[1, 1, 339, 1, 0]": {
    "0": {
      "count": 1100,
      "avg_reward": -0.444950239703153
    }
  },
  "[1, 1, 349, 1, 0]": {
    "0": {
      "count": 1100,
      "avg_reward": -0.4227027277180061
    }
  },
  "[1, 1, 359, 1, 0]": {
    "0": {
      "count": 1100,
      "avg_reward": -0.4015675913320887
    }
  },
  "[1, 1, 369, 1, 0]": {
    "0": {
      "count": 1100,
      "avg_reward": -0.3814892117654887
    }
  },
  "[1, 1, 379, 1, 0]": {
    "0": {
      "count": 1100,
      "avg_reward": -0.36241475117721184
    }
  },
  "[1, 1, 389, 1, 0]": {
    "0": {
      "count": 1100,
      "avg_reward": -0.3442940136183559
    }
  },
  "[1, 1, 399, 1, 0]": {
    "0": {
      "count": 1100,
      "avg_reward": -0.327079312937435
    }
  },
  "[1, 1, 409, 0, 0]": {
    "0": {
      "count": 1100,
      "avg_reward": -0.3107253472905625
    }
  },
  "[1, 1, 419, 0, 0]": {
    "0": {
      "count": 1100,
      "avg_reward": -0.29518907992603427
    }
  },
  "[1, 1, 429, 0, 0]": {
    "0": {
      "count": 1100,
      "avg_reward": -0.28042962592973947
    }
  },
  "[1, 1, 439, 0, 0]": {
    "0": {
      "count": 1100,
      "avg_reward": -0.2664081446332479
    }
  },
  "[1, 1, 449, 0, 0]": {
    "0": {
      "count": 1100,
      "avg_reward": -0.2530877374015841
    }
  },
  "[1, 1, 459, 0, 0]": {
    "0": {
      "count": 1100,
      "avg_reward": -0.24043335053150353
    }
  },
  "[1, 1, 469, 0, 0]": {
    "0": {
      "count": 1100,
      "avg_reward": -0.22841168300492837
    }
  },
  "[1, 1, 479, 0, 0]": {
    "0": {
      "count": 1100,
      "avg_reward": -0.21699109885468842
    }
  },
  "[1, 1, 489, 0, 0]": {
    "0": {
      "count": 1100,
      "avg_reward": -0.20614154391194878
    }
  },
  "[1, 1, 499, 0, 0]": {
    "0": {
      "count": 1100,
      "avg_reward": -0.19583446671635144
    }
  },
  "[1, 1, 500, 0, 0]": {
    "0": {
      "count": 1100,
      "avg_reward": -0.18604274338053384
    }
  },
  "[1, 0, 189, 1, 1]": {
    "1": {
      "count": 41,
      "avg_reward": -0.9600000000000006
    },
    "0": {
      "count": 102,
      "avg_reward": -0.9595000000000012
    }
  },
  "[1, 0, 179, 1, 1]": {
    "1": {
      "count": 102,
      "avg_reward": -1.0100000000000007
    }
  }
}